{
  "total_mass": {
    "min": 0.0303483719099381,
    "max": 0.4688891522744229
  },
  "volume_envelope": {
    "min": 0.0014150015992685,
    "max": 0.0053279945975226
  },
  "tau_A_max": {
    "min": 0.1763948411731102,
    "max": 2.5001017962984338
  },
  "E_rev": {
    "min": -0.2367366621745093,
    "max": 1.018878634262343
  },
  "min_n_static": {
    "min": 1.5335387996030014,
    "max": 187.55272087349516
  },
  "utilization": {
    "min": 0.0119677648897622,
    "max": 0.6520865336168067
  },
  "n_buck": {
    "min": 3.0048328873121037,
    "max": 117903.91436979722
  },
  "n_shaft": {
    "min": 2.0000269341477384,
    "max": 72.05982777120566
  },
  "min_n_fatigue": {
    "min": 1.0000758523594715,
    "max": 34.137557328925354
  }
}