{
  "total_mass": {
    "min": 0.0312127206581362,
    "max": 0.3968322515085719
  },
  "volume_envelope": {
    "min": 0.0014150015992685,
    "max": 0.0052709324582655
  },
  "tau_A_max": {
    "min": 0.1840448088888364,
    "max": 1.6800993593683329
  },
  "E_rev": {
    "min": 0.0678527714345662,
    "max": 0.9051677160964092
  },
  "min_n_static": {
    "min": 1.5468975408179804,
    "max": 124.94964456454493
  },
  "utilization": {
    "min": 0.0159434247574374,
    "max": 0.6464552264212744
  },
  "n_buck": {
    "min": 3.1056337527413063,
    "max": 113086.5225191512
  },
  "n_shaft": {
    "min": 2.019706213373617,
    "max": 64.80177470559826
  },
  "min_n_fatigue": {
    "min": 1.0000514747191904,
    "max": 25.940547901233952
  }
}