{
  "total_mass": {
    "min": 0.0275349061016813,
    "max": 0.0997615394357193
  },
  "volume_envelope": {
    "min": 0.0007697894508337,
    "max": 0.0020504025149523
  },
  "tau_A_max": {
    "min": 0.1847037447382921,
    "max": 0.9168607326802652
  },
  "E_rev": {
    "min": 0.1335161872173826,
    "max": 0.7978818756172901
  },
  "min_n_static": {
    "min": 0.5556492785690084,
    "max": 101.2090335468605
  },
  "utilization": {
    "min": 0.0603635467136734,
    "max": 554.7054193911764
  },
  "n_buck": {
    "min": 1.4563577225619988,
    "max": 5012.081087330864
  }
}