{
  "total_mass": {
    "min": 0.1628443846970667,
    "max": 1.0120820158832136
  },
  "volume_envelope": {
    "min": 0.0008393080982882,
    "max": 0.0039856455942341
  },
  "tau_A_max": {
    "min": 0.0503855660429143,
    "max": 197908.45239945373
  },
  "E_rev": {
    "min": -51812.17419519789,
    "max": 33317.990476139166
  },
  "min_n_static": {
    "min": 4.2076084450125155e-07,
    "max": 460.5676736852109
  },
  "utilization": {
    "min": 0.0054248771888104,
    "max": 2376647.00284873
  },
  "n_buck": {
    "min": 908.6363436619444,
    "max": 179170.37824485722
  }
}