{
  "total_mass": {
    "min": 0.028755740386612,
    "max": 0.4020373934231483
  },
  "volume_envelope": {
    "min": 0.0012958014940668,
    "max": 0.0052709324582655
  },
  "tau_A_max": {
    "min": 0.1828633080945312,
    "max": 70540.7503979963
  },
  "E_rev": {
    "min": -18466.906345954852,
    "max": 5.064956787349118
  },
  "min_n_static": {
    "min": 6.992336774417443e-08,
    "max": 234.1724521560949
  },
  "utilization": {
    "min": 0.0066693533722127,
    "max": 14301370.66135968
  },
  "n_buck": {
    "min": 0.0434802954210754,
    "max": 113086.5225191512
  },
  "n_shaft": {
    "min": 3.801924130016608e-07,
    "max": 69.8681678806283
  }
}