design_id,r,l,e,ROM,QRR,omega,width_r,thickness_r,width_l,thickness_l,pin_diameter_A,pin_diameter_B,pin_diameter_C,mass_crank,mass_rod,mass_slider,utilization,check_static_passed,n_buck,P_cr,N_max_comp,check_buckling_passed,n_rod,S_e_rod,sigma_a_eq_rod,sigma_m_eq_rod,n_f_rod,n_y_rod,N_f_rod,t_f_rod,check_fatigue_rod_passed,n_crank,S_e_crank,sigma_a_eq_crank,sigma_m_eq_crank,n_f_crank,n_y_crank,N_f_crank,t_f_crank,check_fatigue_crank_passed,n_pin,S_e_pin,sigma_a_eq_pin,sigma_m_eq_pin,n_f_pin,n_y_pin,N_f_pin,t_f_pin,check_fatigue_pin_passed,D_rod,check_miner_rod_passed,D_crank,check_miner_crank_passed,D_pin,check_miner_pin_passed,sigma_max,tau_max,theta_sigma_max,theta_tau_max,pass_fail
84,0.114,0.16,0.041,0.25005846224273326,1.8669686872610802,3.1415926535897927,0.007,0.005,0.014,0.019,0.0045,0.0037,0.0041,0.031201699867037337,0.3365096417616272,0.06034040327223308,0.6632753847972678,True,106995.16790545979,225519.8372890931,2.1077572165535634,True,434.2762114353833,57236365.97941083,104445.26004141422,230814.12509521923,434.2762114353833,1029.053966257788,7.092693393504912e+28,1.4185386787009823e+29,True,0.9885345185058617,63796312.857039526,56873736.66747945,58012677.67997545,0.9885345185058617,3.002966033534694,667866799.3288306,1335733598.6576612,False,97.90967443618669,65569013.650600046,477459.76690674614,1416013.8162077393,97.90967443618669,182.20481293038466,4.373850213752795e+25,8.74770042750559e+25,True,2.6393358575379446e-22,True,0.02802954124806409,True,4.279981957575567e-19,True,1858130.3875417293,66327538.47972678,2.0943951023931953,0.5235987755982988,0
